CREATE TABLE `categories` (
  `id` bigint unsigned NOT NULL AUTO_INCREMENT,
  `title` varchar(255),
  `created_at` timestamp NULL DEFAULT NULL,
  `updated_at` timestamp NULL DEFAULT NULL,
  PRIMARY KEY (`id`)
) ENGINE=InnoDB;

INSERT INTO `categories` (`id`, `title`, `created_at`, `updated_at`)
VALUES
	(1,'Vehicle','2026-01-23 10:14:54','2026-01-23 10:14:54'),
	(2,'Jewelry','2026-01-23 10:14:54','2026-01-23 10:14:54'),
	(3,'Electronics','2026-01-23 10:14:54','2026-01-23 10:14:54'),
	(4,'Clothing','2026-01-23 10:14:54','2026-01-23 10:14:54'),
	(5,'Furniture','2026-01-23 10:14:54','2026-01-23 10:14:54'),
	(6,'Art','2026-01-23 10:14:54','2026-01-23 10:14:54');

CREATE TABLE `products` (
  `id` bigint unsigned NOT NULL AUTO_INCREMENT,
  `category_id` bigint unsigned NOT NULL,
  `title` varchar(255),
  `intro` varchar(255),
  `description` text,
  `image` varchar(255),
  `minimal_price` double NOT NULL,
  `created_at` timestamp NULL DEFAULT NULL,
  `updated_at` timestamp NULL DEFAULT NULL,
  `time_left` int unsigned NOT NULL DEFAULT '0',
  PRIMARY KEY (`id`),
  KEY `products_category_id_foreign` (`category_id`),
  CONSTRAINT `products_category_id_foreign` FOREIGN KEY (`category_id`) REFERENCES `categories` (`id`) ON DELETE CASCADE
) ENGINE=InnoDB;

INSERT INTO `products` (`id`, `category_id`, `title`, `intro`, `description`, `image`, `minimal_price`, `created_at`, `updated_at`, `time_left`)
VALUES
	(1,1,'Car from the 60s','Summer road trip memories on four chrome wheels.','Grandpa’s pride, the scent of fuel and freedom, and the steady hum of a well-tuned carburetor defined countless holidays in the late sixties. Families loaded picnic baskets, unfolded paper maps, and watched countryside roads blur under whitewall tires. This car survived decades of changing trends, kept under blankets in a narrow garage and never missing its yearly tune-up. Its worn leather seats still tell stories of seaside roads, mountain passes, and first dates nervously gripping the door handle. For collectors, restorers, or anyone with a love for analog motoring, it offers more than transportation: it is a rolling time capsule of long summers and simpler traffic.','60scar',6000,'2026-01-23 10:14:54','2026-01-23 10:14:54',37346),
	(2,1,'70s vintage car','Seventies street style with undeniable retro charisma.','The seventies were bold, from flared trousers to sharp-edged cars like this one. Imagine city streets lit by neon signs, cassette tapes rattling in the glove compartment, and a dashboard glowing with warm orange lights on late-night drives. This coupe was once the pride of a young professional who washed it every Sunday and matched his tie to its paintwork. Years later it was rescued by an enthusiast who preserved its originality rather than chasing modern upgrades. Slip behind the big steering wheel, feel the weight of the doors, and you will instantly understand why this decade refuses to be forgotten.','70scar',4500,'2026-01-23 10:14:54','2026-01-23 10:14:54',27587),
	(3,1,'Classic Honda Motorcycle','Two-wheeled Honda legend built for real road freedom.','Long before rider-assist electronics and giant digital displays, Honda built motorcycles that won hearts with reliability and character. This classic model carried its owner along country roads, past gas stations with mechanical pumps and cafés where helmets were left casually on chairs. The engine note is pure nostalgia, a warm growl that invites weekend adventures rather than lap times. Patina on the tank and frame tells of sun, rain, and stories rather than neglect. For collectors seeking an honest Japanese icon or riders planning a tasteful restoration, this bike offers the perfect balance of charm and mechanical simplicity.','honda-motorcycle',2000,'2026-01-23 10:14:54','2026-01-23 10:14:54',20175),
	(4,1,'American School Bus','Big yellow American icon ready for a new adventure.','Few vehicles are as instantly recognizable as a big yellow American school bus. Generations of children climbed these steps with backpacks bigger than their memories, and this particular bus once rumbled daily through a midwestern town. After retirement it crossed the ocean and now waits for a second life: food truck, traveling coffee bar, festival shuttle, or dreamy camper conversion. The heavy folding door, oversized mirrors, and stop sign arm are still in place, ready to steal every scene they appear in. For creative buyers who prefer projects to ready-made solutions, this is a rarer-than-rare blank canvas on wheels.','american-school-bus',9000,'2026-01-23 10:14:54','2026-01-23 10:14:54',39916),
	(5,2,'Vintage watch','Elegant wrist companion from a more graceful decade.','Hidden for years in the back of a wooden drawer, this mechanical watch ticked quietly through life’s biggest moments: job interviews, weddings, delayed trains, and late dinners. The dial has aged with grace, gaining a soft patina that modern brands can only imitate with special effects. Slim hands sweep over delicate markers while the winding crown offers that unmistakable resistance of real mechanics. No charging cable, no notifications, just the gentle heartbeat of springs and gears. Ideal for a collector or a first-time vintage buyer who wants a subtle, characterful companion on the wrist.','vintage-watch',350,'2026-01-23 10:14:54','2026-01-23 10:14:54',23668),
	(6,2,'Diamond necklace','Sparkling statement piece for unforgettable celebrations.','An anniversary dinner in a candlelit restaurant, a tiny box placed carefully on white linen: the story of this diamond necklace started romantically and continued for many elegant evenings. Hand-set stones shimmer in every direction, catching the light of ballroom chandeliers, theater spotlights, and perhaps the occasional camera flash. The design balances classic luxury with refined understatement, ensuring it never feels overdressed yet always noticed. Carefully preserved in its protective case, it is ready to mark a new chapter — whether as a special gift, a bridal piece, or simply a well-deserved treat for its next owner.','diamond-necklace',1200,'2026-01-23 10:14:54','2026-01-23 10:14:54',25943),
	(7,2,'Timeless blue watch','Deep blue dial for the modern vintage enthusiast.','A young architect bought this blue-dial watch with his very first salary, promising himself that he would wear it every time a project was completed. Meetings, site visits, and late-night design sessions all passed under its steady hands. In daylight the dial shifts from deep navy to bright cobalt, while the luminous markers glow softly in dim rooms and evening trains. Scratches on the clasp and case are light, the kind that come from daily life rather than abuse. Stylish enough for a suit, relaxed enough for weekends, it represents the quiet confidence of a modern classic.','timeless-blue-watch',280,'2026-01-23 10:14:54','2026-01-23 10:14:54',24583),
	(8,2,'Jade earrings','Green gemstone drops with timeless cultural charm.','These jade earrings once traveled the world in a small velvet pouch, worn by an adventurous owner who collected stories and gemstones with equal enthusiasm. Jade has long been associated with luck, protection, and harmony, and the rich green tones here justify the tradition. Each stone is polished smooth and cradled in a secure setting that allows them to move gracefully with every step. They pair elegantly with both little black dresses and airy summer blouses. For lovers of meaningful jewelry and Eastern symbolism, this pair is a small but powerful talisman.','jade-earrings',180,'2026-01-23 10:14:54','2026-01-23 10:14:54',32874),
	(9,2,'Golden rolex','Golden status symbol with serious collector appeal.','Behind every Rolex there is a story of ambition. This golden classic was purchased in the late nineties by an entrepreneur who promised to wear it only on days that truly mattered: signing contracts, celebrating milestones, and boarding important flights. As a result, the bracelet remains tight, the bezel sharp, and the dial beautifully preserved. Inside, the automatic movement continues to do what it was built for: measure time with quiet, relentless precision. Whether you plan to wear it proudly, store it in a safe, or hand it down as a family heirloom, this watch will never be just another accessory.','golden-rolex',7500,'2026-01-23 10:14:54','2026-01-23 10:14:54',39691),
	(10,3,'Stereo','Analog audio system for true sound romantics.','Imagine a living room arranged not around a television but around music. This stereo once dominated such a space, flanked by proud speakers and shelves of tapes and records. Fingers learned the exact pressure for each button, while the volume knob turned Saturday nights into private concerts. Mixtapes were recorded for friends, loved ones, and long car journeys, all passing through its circuits. Today it offers more than sound; it brings back the ritual of listening, of pressing play with intention and letting warm analog tones fill the room again.','stereosystem',120,'2026-01-23 10:14:54','2026-01-23 10:14:54',34833),
	(11,3,'Classic Gameboy','Handheld gaming classic from childhood backpacks.','Schoolyard trades, drained AA batteries, and parents insisting it gets turned off at the dinner table — the original Gameboy defined an entire generation of portable gaming. This handheld survived crushed backpacks, long holiday drives, and rainy camping trips in the back of the tent. Its simple controls remain instantly familiar: a sturdy cross, two buttons, start, select, and endless possibilities inside a tiny cartridge slot. Pair it with Tetris, Pokémon, or your favorite old title and you will feel time rewind the moment the startup chime plays.','gameboy',90,'2026-01-23 10:14:54','2026-01-23 10:14:54',41654),
	(12,3,'Super console','Family console that ruled living-room tournaments.','Before online matchmaking and downloadable updates, friends gathered on couches and argued over who got which controller port. This classic home console turned countless weekends into multiplayer marathons, with racing games, platformers, and pixel-perfect fighters lighting up the screen. The plastic casing has seen its share of excitement, but the hardware still brings virtual worlds to life. Perfect for collectors, themed game rooms, or anyone wanting to recreate that magical living-room chaos of passing controllers and shouting at the TV for just one more round.','gamingconsole',110,'2026-01-23 10:14:54','2026-01-23 10:14:54',35144),
	(13,3,'Colorful Mac','Translucent desktop icon from Apple’s colorful era.','At the end of the nineties, computers suddenly became fun to look at. Apple’s colorful all-in-one Macs appeared in classrooms, design studios, and student housing, their translucent shells glowing like candy under desk lamps. This example brings that playful design language back to life, complete with curved handle and satisfying click of its original keyboard. It once sat on a writer’s desk where early emails were composed and first websites explored. Today it functions as a design object as much as a piece of technology, ideal for creative spaces that value personality and history.','appleimac',140,'2026-01-23 10:14:54','2026-01-23 10:14:54',41664),
	(14,3,'Flat-screen TV','Early flat-screen milestone in home cinema history.','The day this flat-screen arrived, the old CRT was carried out of the house like a piece of heavy, outdated furniture. Families marveled at how thin the new television looked, how easily it could hang on a wall, and how modern the living room suddenly felt. This early-generation model might not match today’s resolutions, but it represents a milestone in home entertainment. Use it as a functioning screen in a retro gaming corner, as a film prop, or as an affordable upgrade for a guest room — either way, it still carries that first-wow-factor charm.','flatscreentv',40,'2026-01-23 10:14:54','2026-01-23 10:14:54',18209),
	(15,3,'Calculator nightmare','Old-school calculator that turned numbers into nightmares.','Ask any student or accountant from decades past and they will remember a device just like this one: a chunky calculator with tiny buttons that never forgave a wrong press. It sat permanently on a crowded desk next to notepads and an overflowing pencil mug, faithfully converting coffee and overtime into perfectly balanced numbers. The slightly yellowed plastic and worn-off key labels tell of long careers, tax seasons, and exam preparations. Today it is part relic, part conversation piece, and fully capable of returning you to a time when spreadsheets did not rule the world.','casio-calculator',20,'2026-01-23 10:14:54','2026-01-23 10:14:54',18551),
	(16,3,'Sony Walkman','Portable music legend for mixtape and cassette lovers.','Slip in a cassette, press play, and the world narrows to the gentle hiss and beat of your personal soundtrack. This Sony Walkman turned bus rides, bike trips, and bedroom days into music videos long before smartphones. Its previous owner carefully wrote song titles on mixtape covers and rewound favorite tracks with a pencil. Scuffs along the casing are proof of daily use, not abuse, and the mechanical buttons still offer that satisfying click. For nostalgic collectors or younger listeners curious about portable audio’s roots, this is as authentic as it gets.','sony-walkman',80,'2026-01-23 10:14:54','2026-01-23 10:14:54',42137),
	(17,4,'60s baseball cap','Original 60s cap with real dugout character.','Sun-faded fabric, a gently curved brim, and stitching that has seen more games than most modern fans ever will — this baseball cap has true dugout pedigree. Worn in the sixties by a devoted supporter, it witnessed home runs, rain delays, and hot dog-fueled doubleheaders. The logo has softened with time, creating that effortlessly cool vintage look that reproductions can only mimic. Whether displayed in a sports room, worn to retro-themed events, or gifted to a baseball romantic, it carries the soul of stadium summers gone by.','baseball-cap',70,'2026-01-23 10:14:54','2026-01-23 10:14:54',32623),
	(18,4,'Dutch soccer shirt','Historic Dutch shirt from the glorious 1988 victory.','Orange magic from 1988, a year etched into Dutch football history. This shirt represents the roar of the crowd, the volley that stunned Europe, and the celebrations that filled city squares afterward. Worn proudly by a fan who never missed a match on television, it stayed folded in a drawer once newer kits arrived, preserving its original color surprisingly well. A must-have for Oranje supporters, collectors of tournament memorabilia, or anyone who appreciates the drama and joy of that legendary European Championship victory.','dutch-soccer-shirt',300,'2026-01-23 10:14:54','2026-01-23 10:14:54',26025),
	(19,4,'Vintage shoes','Well-loved leather shoes with stories in every crease.','These vintage shoes once polished to a mirror shine walked office corridors, dance floors, and cobblestone streets. The leather has softened in all the right places, hinting at long days followed by well-deserved evenings out. Subtle creases across the toe tell of real life rather than showroom posing, while the soles still promise many miles ahead. Ideal as a wardrobe statement for lovers of classic style or as a prop for period productions aiming for authentic details.','vintage-sneakers',60,'2026-01-23 10:14:54','2026-01-23 10:14:54',31080),
	(20,4,'Field jacket','Military-style field jacket with rugged, adventurous character.','Inspired by military designs, the field jacket became the uniform of travelers, photographers, and musicians who needed pockets for everything and a layer for anything. This piece joined camping trips, road journeys, and outdoor concerts, its fabric slowly molding to its wearer’s movements. Multiple pockets, sturdy buttons, and a slightly worn collar give it movie-ready character. Throw it over a simple shirt and jeans and suddenly every walk feels like an expedition. A perfect companion for autumn days, city adventures, or a carefully curated vintage wardrobe.','airforce-jacket',85,'2026-01-23 10:14:54','2026-01-23 10:14:54',35503),
	(21,5,'Vintage yellow chair','Statement yellow chair that brightens any retro interior.','In the corner of a sunlit living room, this yellow chair once served as the happiest seat in the house. Children climbed onto it to watch Saturday morning cartoons, adults claimed it for evening reading with a glass of wine. The upholstery carries that unmistakable mid-century hue which immediately brightens a space without shouting. Wooden legs and a gently reclined backrest complete the look. Whether you place it next to a record player, in a reading nook, or in a stylish office, it instantly adds personality and optimism.','vintage-yellow-chair',150,'2026-01-23 10:14:54','2026-01-23 10:14:54',28292),
	(22,5,'Space lamp','Futuristic space-age lamp straight from a seventies sci‑fi set.','Straight from the era when people truly believed we would all be living on the moon by now, this space-age lamp looks like a prop from a classic sci-fi film. Smooth curves, glossy surfaces, and a playful silhouette make it as much sculpture as lighting. It once illuminated a seventies living room with shag carpet and futuristic furniture, and it has been carefully preserved since. Switch it on today and you get a soft, atmospheric glow that suits lounges, bars, or creative studios. For lovers of retro-futurism, it is pure intergalactic charm.','space-lamp',130,'2026-01-23 10:14:54','2026-01-23 10:14:54',27514),
	(23,5,'Racecar bed','Racecar bed that keeps bedtime fast and fun.','For one lucky child, bedtime never meant the end of racing. This racecar bed turned every night into a starting grid, with toy cars lined up along the sides and posters of champions on the walls. The molded frame, bright colors, and playful details make it almost impossible not to smile when you enter the room. As children grow, these beds become legendary stories — the stuff they tell their own kids about. Now it is ready to bring the same excitement to a new driver who refuses to park quietly at night.','racecarbed',140,'2026-01-23 10:14:54','2026-01-23 10:14:54',35737),
	(24,5,'Car play rug','Soft car rug turning children’s rooms into tiny racetracks.','Spilled juice, scattered toys, and long afternoons of imagination all lived on this car play rug. Its winding roads, parking lots, and tiny roundabouts became entire cities in the minds of children, where fire trucks rushed to emergencies and buses always ran on time. The colors remain cheerful, and the design is instantly recognizable to anyone who ever pushed a toy car across a printed street. Place it in a playroom, daycare, or waiting area and watch younger visitors dive straight into their own miniature traffic adventures.','carplayrug',35,'2026-01-23 10:14:54','2026-01-23 10:14:54',31112),
	(25,5,'Antique cuckoo clock','Charming cuckoo clock chiming from another century.','Once hung proudly in a family hallway, this cuckoo clock announced every hour with a cheerful bird emerging from its little door. Children waited for the moment with excitement, while adults relied on its wooden hands to stay on schedule. The carved case, ornate details, and gently aged dial reveal the craftsmanship of an earlier generation. Inside, a traditional weight-driven mechanism still invites restoration and care. Whether you intend to fully revive its cuckoo chorus or keep it as a decorative heirloom, it brings cozy chalet charm to any wall.','cuckoo-clock',220,'2026-01-23 10:14:54','2026-01-23 10:14:54',38292),
	(26,5,'Super long couch','Endlessly long couch ready for twenty relaxed guests.','Every house party has a favorite spot, and in one particularly sociable home, this extra-long couch was it. Stretching comfortably across the living room, it hosted movie marathons, holiday gatherings, and the occasional unexpected overnight guest. Families spread out with books and snacks, while children built pillow forts along its endless cushions. The design is clean and understated, making it easy to integrate into modern interiors despite its impressive size. Ideal for large households, creative studios, or anyone who loves the idea of seating an entire friend group without dragging in extra chairs.','extra-long-couch',400,'2026-01-23 10:14:54','2026-01-23 10:14:54',31652),
	(27,6,'Bob Ross-style painting','Happy little landscape in true Bob Ross spirit.','Soft mountains, calm lakes, and reassuring trees: this painting captures the soothing magic that made Bob Ross a legend. Every brushstroke suggests gentle encouragement — there are no mistakes here, only happy little accidents. It originally hung in a quiet hallway where visitors often paused unexpectedly, drawn in by the peaceful scene. The colors are balanced and comforting, making it perfect above a couch, in a bedroom, or in an office that could use a touch of calm. For fans of cozy art and easy-going landscapes, it’s an instant mood lift.','bob-ross-painting',180,'2026-01-23 10:14:54','2026-01-23 10:14:54',21488),
	(28,6,'Stone cat','Stone cat sculpture with calm and quirky personality.','Sitting with royal stillness, this stone cat has watched over doorsteps and windowsills for years. Rain, sun, and passing seasons only added character to its surface, giving it a slightly weathered charm that mass-produced garden ornaments never achieve. The expression is somewhere between curious and amused, as if it knows more than it lets on. Ideal for placing in a garden corner, on a bookshelf, or at an entrance where it can greet guests with quiet personality. A simple, sturdy companion for cat lovers and sculpture collectors alike.','cat-sculpture',55,'2026-01-23 10:14:54','2026-01-23 10:14:54',29468),
	(29,6,'Delft-blue vase','Traditional Delft-blue vase with classic Dutch floral motifs.','Hand-painted blue motifs swirl gracefully across the white surface of this Delft-style vase, echoing centuries of Dutch ceramic tradition. It once stood in a glass cabinet filled with family treasures, occasionally emerging to hold fresh tulips or dried flowers during special occasions. The classic combination of windmill scenes, floral patterns, and fine borders gives it immediate authenticity and decorative strength. Whether displayed alone, paired with other blue-and-white pieces, or used as an everyday flower vessel, it brings a touch of old-world craftsmanship to modern homes.','delftblue-vase',95,'2026-01-23 10:14:54','2026-01-23 10:14:54',37174),
	(30,6,'Mondriaan’s sketch','Sketch in Mondriaan’s spirit of lines, rhythm, and color.','Before the famous grids and bold blocks of color, there were studies, experiments, and sketches. This work pays homage to that early phase, with confident lines and careful balance hinting at the abstract compositions to come. The paper shows light signs of age, while the composition retains a striking, almost musical rhythm. Framed simply, it becomes a sophisticated focal point in any room — particularly appealing to admirers of modern art, design students, or anyone drawn to the roots of one of the Netherlands’ most iconic painters.','sketch-mondriaan',260,'2026-01-23 10:14:54','2026-01-23 10:14:54',32891);



CREATE TABLE `bids` (
                        `id` bigint unsigned NOT NULL AUTO_INCREMENT,
                        `product_id` bigint unsigned NOT NULL,
                        `amount` double NOT NULL,
                        `created_at` timestamp NULL DEFAULT NULL,
                        `updated_at` timestamp NULL DEFAULT NULL,
                        PRIMARY KEY (`id`),
                        KEY `bids_product_id_foreign` (`product_id`),
                        CONSTRAINT `bids_product_id_foreign` FOREIGN KEY (`product_id`) REFERENCES `products` (`id`) ON DELETE CASCADE
) ENGINE=InnoDB;

INSERT INTO `bids` (`id`, `product_id`, `amount`, `created_at`, `updated_at`)
VALUES
    (1314,1,6300,'2026-03-18 11:10:43','2026-03-18 11:10:43'),
    (1315,1,6555,'2026-03-18 12:27:39','2026-03-18 12:27:39'),
    (1316,1,6950,'2026-03-18 12:32:14','2026-03-18 12:32:14'),
    (1317,1,7230,'2026-03-18 14:10:32','2026-03-18 14:10:32'),
    (1318,1,7450,'2026-03-18 14:35:39','2026-03-18 14:35:39'),
    (1319,1,7975,'2026-03-18 14:51:01','2026-03-18 14:51:01'),
    (1320,1,8295,'2026-03-18 14:59:07','2026-03-18 14:59:07'),
    (1321,1,8465,'2026-03-18 15:08:59','2026-03-18 15:08:59'),
    (1322,1,8975,'2026-03-18 15:14:58','2026-03-18 15:14:58'),
    (1323,1,9245,'2026-03-18 15:50:55','2026-03-18 15:50:55'),
    (1324,1,9615,'2026-03-18 16:06:02','2026-03-18 16:06:02'),
    (1325,1,10100,'2026-03-18 16:27:15','2026-03-18 16:27:15'),
    (1326,1,10810,'2026-03-18 16:33:58','2026-03-18 16:33:58'),
    (1327,1,11675,'2026-03-18 16:59:20','2026-03-18 16:59:20'),
    (1328,1,11910,'2026-03-18 17:00:54','2026-03-18 17:00:54'),
    (1329,1,12865,'2026-03-18 17:04:12','2026-03-18 17:04:12'),
    (1330,1,13125,'2026-03-18 17:18:01','2026-03-18 17:18:01'),
    (1331,1,13650,'2026-03-18 17:18:36','2026-03-18 17:18:36'),
    (1332,1,14470,'2026-03-18 17:22:22','2026-03-18 17:22:22'),
    (1333,1,14760,'2026-03-18 17:31:00','2026-03-18 17:31:00'),
    (1334,1,15945,'2026-03-18 17:32:06','2026-03-18 17:32:06'),
    (1335,1,16745,'2026-03-18 17:58:22','2026-03-18 17:58:22'),
    (1336,1,17415,'2026-03-18 18:14:05','2026-03-18 18:14:05'),
    (1337,1,18810,'2026-03-18 18:26:38','2026-03-18 18:26:38'),
    (1338,1,19190,'2026-03-18 18:38:37','2026-03-18 18:38:37'),
    (1339,1,19960,'2026-03-18 18:49:18','2026-03-18 18:49:18'),
    (1340,1,21560,'2026-03-18 18:50:14','2026-03-18 18:50:14'),
    (1341,1,22640,'2026-03-18 18:56:33','2026-03-18 18:56:33'),
    (1342,1,23095,'2026-03-18 18:59:23','2026-03-18 18:59:23'),
    (1343,1,24945,'2026-03-18 19:07:32','2026-03-18 19:07:32'),
    (1344,1,26445,'2026-03-18 19:11:09','2026-03-18 19:11:09'),
    (1345,2,4815,'2026-03-18 13:29:38','2026-03-18 13:29:38'),
    (1346,2,5060,'2026-03-18 13:38:39','2026-03-18 13:38:39'),
    (1347,2,5215,'2026-03-18 14:17:33','2026-03-18 14:17:33'),
    (1348,2,5320,'2026-03-18 14:25:20','2026-03-18 14:25:20'),
    (1349,2,5535,'2026-03-18 14:28:37','2026-03-18 14:28:37'),
    (1350,2,5650,'2026-03-18 14:40:36','2026-03-18 14:40:36'),
    (1351,2,5935,'2026-03-18 14:44:47','2026-03-18 14:44:47'),
    (1352,2,6295,'2026-03-18 15:04:19','2026-03-18 15:04:19'),
    (1353,2,6610,'2026-03-18 15:05:21','2026-03-18 15:05:21'),
    (1354,2,6945,'2026-03-18 15:32:45','2026-03-18 15:32:45'),
    (1355,2,7505,'2026-03-18 15:34:28','2026-03-18 15:34:28'),
    (1356,2,7735,'2026-03-18 15:43:48','2026-03-18 15:43:48'),
    (1357,2,8280,'2026-03-18 15:44:37','2026-03-18 15:44:37'),
    (1358,2,8860,'2026-03-18 15:50:30','2026-03-18 15:50:30'),
    (1359,2,9215,'2026-03-18 15:55:23','2026-03-18 15:55:23'),
    (1360,2,9495,'2026-03-18 16:11:07','2026-03-18 16:11:07'),
    (1361,2,10255,'2026-03-18 16:16:39','2026-03-18 16:16:39'),
    (1362,2,10670,'2026-03-18 16:17:04','2026-03-18 16:17:04'),
    (1363,2,11100,'2026-03-18 16:21:45','2026-03-18 16:21:45'),
    (1364,2,11325,'2026-03-18 16:23:14','2026-03-18 16:23:14'),
    (1365,2,12005,'2026-03-18 16:29:38','2026-03-18 16:29:38'),
    (1385,4,9360,'2026-03-18 15:07:55','2026-03-18 15:07:55'),
    (1386,4,9925,'2026-03-18 15:16:11','2026-03-18 15:16:11'),
    (1387,4,10525,'2026-03-18 15:39:42','2026-03-18 15:39:42'),
    (1388,4,11055,'2026-03-18 17:11:31','2026-03-18 17:11:31'),
    (1389,4,11940,'2026-03-18 17:22:31','2026-03-18 17:22:31'),
    (1390,4,12780,'2026-03-18 17:38:18','2026-03-18 17:38:18'),
    (1391,4,13420,'2026-03-18 17:59:51','2026-03-18 17:59:51'),
    (1392,4,14095,'2026-03-18 18:19:42','2026-03-18 18:19:42'),
    (1393,4,14660,'2026-03-18 18:22:49','2026-03-18 18:22:49'),
    (1394,4,15690,'2026-03-18 18:34:55','2026-03-18 18:34:55'),
    (1395,4,16790,'2026-03-18 18:35:39','2026-03-18 18:35:39'),
    (1396,4,17465,'2026-03-18 18:36:24','2026-03-18 18:36:24'),
    (1397,4,17990,'2026-03-18 18:46:49','2026-03-18 18:46:49'),
    (1398,4,18530,'2026-03-18 19:21:37','2026-03-18 19:21:37'),
    (1399,4,18905,'2026-03-18 19:22:08','2026-03-18 19:22:08'),
    (1400,4,20230,'2026-03-18 19:29:02','2026-03-18 19:29:02'),
    (1401,4,20635,'2026-03-18 19:35:08','2026-03-18 19:35:08'),
    (1402,4,21875,'2026-03-18 19:36:29','2026-03-18 19:36:29'),
    (1403,5,365,'2026-03-18 11:29:04','2026-03-18 11:29:04'),
    (1404,5,395,'2026-03-18 11:43:48','2026-03-18 11:43:48'),
    (1405,5,430,'2026-03-18 11:52:36','2026-03-18 11:52:36'),
    (1406,5,465,'2026-03-18 12:15:06','2026-03-18 12:15:06'),
    (1407,5,485,'2026-03-18 12:33:54','2026-03-18 12:33:54'),
    (1408,5,525,'2026-03-18 12:55:19','2026-03-18 12:55:19'),
    (1409,5,545,'2026-03-18 13:02:45','2026-03-18 13:02:45'),
    (1410,5,565,'2026-03-18 13:04:49','2026-03-18 13:04:49'),
    (1411,5,600,'2026-03-18 13:04:53','2026-03-18 13:04:53'),
    (1412,5,645,'2026-03-18 13:06:10','2026-03-18 13:06:10'),
    (1413,5,675,'2026-03-18 13:08:39','2026-03-18 13:08:39'),
    (1414,5,705,'2026-03-18 13:12:22','2026-03-18 13:12:22'),
    (1415,5,750,'2026-03-18 13:13:05','2026-03-18 13:13:05'),
    (1416,5,780,'2026-03-18 13:15:43','2026-03-18 13:15:43'),
    (1417,5,800,'2026-03-18 13:21:13','2026-03-18 13:21:13'),
    (1418,5,835,'2026-03-18 13:22:52','2026-03-18 13:22:52'),
    (1419,5,895,'2026-03-18 13:32:36','2026-03-18 13:32:36'),
    (1420,5,940,'2026-03-18 13:34:59','2026-03-18 13:34:59'),
    (1421,5,990,'2026-03-18 13:37:36','2026-03-18 13:37:36'),
    (1422,5,1040,'2026-03-18 13:41:58','2026-03-18 13:41:58'),
    (1423,5,1075,'2026-03-18 13:54:16','2026-03-18 13:54:16'),
    (1424,5,1110,'2026-03-18 13:54:37','2026-03-18 13:54:37'),
    (1425,5,1145,'2026-03-18 14:01:26','2026-03-18 14:01:26'),
    (1426,5,1170,'2026-03-18 14:11:07','2026-03-18 14:11:07'),
    (1427,5,1195,'2026-03-18 14:19:52','2026-03-18 14:19:52'),
    (1428,5,1245,'2026-03-18 14:22:06','2026-03-18 14:22:06'),
    (1429,5,1335,'2026-03-18 14:28:28','2026-03-18 14:28:28'),
    (1430,5,1420,'2026-03-18 14:31:02','2026-03-18 14:31:02'),
    (1431,5,1480,'2026-03-18 14:32:20','2026-03-18 14:32:20'),
    (1432,5,1585,'2026-03-18 14:35:16','2026-03-18 14:35:16'),
    (1433,5,1635,'2026-03-18 14:36:22','2026-03-18 14:36:22'),
    (1434,5,1670,'2026-03-18 14:38:24','2026-03-18 14:38:24'),
    (1435,5,1740,'2026-03-18 14:39:22','2026-03-18 14:39:22'),
    (1436,5,1865,'2026-03-18 14:40:44','2026-03-18 14:40:44'),
    (1437,5,1960,'2026-03-18 14:44:30','2026-03-18 14:44:30'),
    (1438,5,2000,'2026-03-18 14:44:32','2026-03-18 14:44:32'),
    (1439,5,2120,'2026-03-18 14:55:53','2026-03-18 14:55:53'),
    (1440,5,2270,'2026-03-18 14:58:15','2026-03-18 14:58:15'),
    (1441,5,2320,'2026-03-18 15:05:50','2026-03-18 15:05:50'),
    (1442,5,2440,'2026-03-18 15:06:19','2026-03-18 15:06:19'),
    (1443,5,2640,'2026-03-18 15:08:28','2026-03-18 15:08:28'),
    (1444,5,2775,'2026-03-18 15:13:11','2026-03-18 15:13:11'),
    (1445,5,2835,'2026-03-18 15:13:25','2026-03-18 15:13:25'),
    (1446,5,2925,'2026-03-18 15:14:13','2026-03-18 15:14:13'),
    (1447,5,3015,'2026-03-18 15:14:51','2026-03-18 15:14:51'),
    (1448,5,3080,'2026-03-18 15:18:32','2026-03-18 15:18:32'),
    (1449,5,3300,'2026-03-18 15:20:52','2026-03-18 15:20:52'),
    (1450,5,3435,'2026-03-18 15:21:47','2026-03-18 15:21:47'),
    (1451,5,3505,'2026-03-18 15:25:10','2026-03-18 15:25:10'),
    (1452,5,3790,'2026-03-18 15:28:15','2026-03-18 15:28:15'),
    (1453,6,1300,'2026-03-18 13:15:19','2026-03-18 13:15:19'),
    (1454,6,1395,'2026-03-18 14:16:33','2026-03-18 14:16:33'),
    (1455,6,1510,'2026-03-18 14:18:00','2026-03-18 14:18:00'),
    (1456,6,1635,'2026-03-18 14:47:04','2026-03-18 14:47:04'),
    (1457,6,1685,'2026-03-18 15:01:21','2026-03-18 15:01:21'),
    (1458,6,1805,'2026-03-18 15:02:24','2026-03-18 15:02:24'),
    (1459,6,1935,'2026-03-18 15:17:50','2026-03-18 15:17:50'),
    (1460,6,2075,'2026-03-18 15:26:06','2026-03-18 15:26:06'),
    (1461,6,2140,'2026-03-18 15:45:20','2026-03-18 15:45:20'),
    (1462,6,2205,'2026-03-18 15:45:50','2026-03-18 15:45:50'),
    (1463,6,2385,'2026-03-18 15:46:49','2026-03-18 15:46:49'),
    (1464,6,2555,'2026-03-18 15:48:32','2026-03-18 15:48:32'),
    (1465,6,2610,'2026-03-18 15:58:41','2026-03-18 15:58:41'),
    (1466,6,2745,'2026-03-18 16:06:08','2026-03-18 16:06:08'),
    (1467,7,300,'2026-03-18 10:37:26','2026-03-18 10:37:26'),
    (1468,7,310,'2026-03-18 11:15:33','2026-03-18 11:15:33'),
    (1469,7,320,'2026-03-18 11:33:08','2026-03-18 11:33:08'),
    (1470,7,330,'2026-03-18 11:34:00','2026-03-18 11:34:00'),
    (1471,7,350,'2026-03-18 12:44:59','2026-03-18 12:44:59'),
    (1472,7,380,'2026-03-18 12:51:22','2026-03-18 12:51:22'),
    (1473,7,410,'2026-03-18 13:01:40','2026-03-18 13:01:40'),
    (1474,7,430,'2026-03-18 13:09:34','2026-03-18 13:09:34'),
    (1475,7,460,'2026-03-18 13:12:32','2026-03-18 13:12:32'),
    (1476,7,495,'2026-03-18 13:26:34','2026-03-18 13:26:34'),
    (1477,7,520,'2026-03-18 13:40:25','2026-03-18 13:40:25'),
    (1478,7,545,'2026-03-18 14:05:40','2026-03-18 14:05:40'),
    (1479,7,565,'2026-03-18 14:30:43','2026-03-18 14:30:43'),
    (1480,7,590,'2026-03-18 14:43:24','2026-03-18 14:43:24'),
    (1481,7,615,'2026-03-18 14:54:09','2026-03-18 14:54:09'),
    (1482,7,635,'2026-03-18 15:03:39','2026-03-18 15:03:39'),
    (1483,7,680,'2026-03-18 15:13:22','2026-03-18 15:13:22'),
    (1484,7,730,'2026-03-18 15:36:00','2026-03-18 15:36:00'),
    (1485,7,755,'2026-03-18 15:48:56','2026-03-18 15:48:56'),
    (1486,8,195,'2026-03-18 11:40:55','2026-03-18 11:40:55'),
    (1487,8,210,'2026-03-18 12:19:50','2026-03-18 12:19:50'),
    (1488,8,220,'2026-03-18 13:12:34','2026-03-18 13:12:34'),
    (1489,8,240,'2026-03-18 13:15:31','2026-03-18 13:15:31'),
    (1490,8,260,'2026-03-18 13:31:09','2026-03-18 13:31:09'),
    (1491,8,280,'2026-03-18 14:07:39','2026-03-18 14:07:39'),
    (1492,8,300,'2026-03-18 15:37:06','2026-03-18 15:37:06'),
    (1493,8,325,'2026-03-18 16:37:51','2026-03-18 16:37:51'),
    (1494,8,345,'2026-03-18 17:02:51','2026-03-18 17:02:51'),
    (1495,8,360,'2026-03-18 17:33:48','2026-03-18 17:33:48'),
    (1496,8,380,'2026-03-18 17:39:42','2026-03-18 17:39:42'),
    (1497,8,415,'2026-03-18 17:46:08','2026-03-18 17:46:08'),
    (1498,8,430,'2026-03-18 18:02:38','2026-03-18 18:02:38'),
    (1499,8,465,'2026-03-18 18:06:47','2026-03-18 18:06:47'),
    (1500,9,7650,'2026-03-18 10:02:17','2026-03-18 10:02:17'),
    (1501,9,7805,'2026-03-18 13:53:47','2026-03-18 13:53:47'),
    (1502,9,8120,'2026-03-18 14:45:54','2026-03-18 14:45:54'),
    (1503,9,8530,'2026-03-18 14:49:09','2026-03-18 14:49:09'),
    (1504,9,9045,'2026-03-18 15:45:15','2026-03-18 15:45:15'),
    (1505,9,9320,'2026-03-18 15:56:08','2026-03-18 15:56:08'),
    (1506,9,9790,'2026-03-18 16:22:04','2026-03-18 16:22:04'),
    (1507,9,10185,'2026-03-18 16:37:15','2026-03-18 16:37:15'),
    (1508,9,10390,'2026-03-18 16:55:06','2026-03-18 16:55:06'),
    (1509,9,11225,'2026-03-18 17:29:58','2026-03-18 17:29:58'),
    (1510,9,11675,'2026-03-18 17:38:59','2026-03-18 17:38:59'),
    (1511,9,12030,'2026-03-18 17:50:29','2026-03-18 17:50:29'),
    (1512,9,12755,'2026-03-18 18:05:00','2026-03-18 18:05:00'),
    (1513,9,13015,'2026-03-18 18:26:44','2026-03-18 18:26:44'),
    (1514,9,13410,'2026-03-18 18:39:07','2026-03-18 18:39:07'),
    (1515,9,13950,'2026-03-18 18:59:10','2026-03-18 18:59:10'),
    (1516,9,15070,'2026-03-18 19:00:12','2026-03-18 19:00:12'),
    (1517,9,15525,'2026-03-18 19:07:38','2026-03-18 19:07:38'),
    (1518,9,16305,'2026-03-18 19:08:37','2026-03-18 19:08:37'),
    (1519,9,17450,'2026-03-18 19:17:18','2026-03-18 19:17:18'),
    (1520,9,17975,'2026-03-18 19:30:16','2026-03-18 19:30:16'),
    (1521,9,18335,'2026-03-18 19:40:57','2026-03-18 19:40:57'),
    (1522,9,19070,'2026-03-18 19:48:10','2026-03-18 19:48:10'),
    (1523,10,130,'2026-03-18 12:24:40','2026-03-18 12:24:40'),
    (1524,10,140,'2026-03-18 12:38:33','2026-03-18 12:38:33'),
    (1525,10,150,'2026-03-18 13:25:37','2026-03-18 13:25:37'),
    (1526,10,155,'2026-03-18 13:31:23','2026-03-18 13:31:23'),
    (1527,10,170,'2026-03-18 13:54:47','2026-03-18 13:54:47'),
    (1528,10,185,'2026-03-18 14:05:23','2026-03-18 14:05:23'),
    (1529,10,195,'2026-03-18 14:06:23','2026-03-18 14:06:23'),
    (1530,10,210,'2026-03-18 14:26:58','2026-03-18 14:26:58'),
    (1531,10,225,'2026-03-18 14:59:57','2026-03-18 14:59:57'),
    (1532,10,245,'2026-03-18 15:04:00','2026-03-18 15:04:00'),
    (1533,10,265,'2026-03-18 15:09:22','2026-03-18 15:09:22'),
    (1534,10,290,'2026-03-18 15:13:58','2026-03-18 15:13:58'),
    (1535,10,315,'2026-03-18 15:17:36','2026-03-18 15:17:36'),
    (1536,10,325,'2026-03-18 15:34:28','2026-03-18 15:34:28'),
    (1537,10,355,'2026-03-18 15:50:55','2026-03-18 15:50:55'),
    (1538,10,365,'2026-03-18 15:52:52','2026-03-18 15:52:52'),
    (1539,10,395,'2026-03-18 16:16:06','2026-03-18 16:16:06'),
    (1540,10,415,'2026-03-18 16:35:20','2026-03-18 16:35:20'),
    (1541,10,450,'2026-03-18 16:50:36','2026-03-18 16:50:36'),
    (1542,10,465,'2026-03-18 17:08:16','2026-03-18 17:08:16'),
    (1543,10,495,'2026-03-18 17:31:35','2026-03-18 17:31:35'),
    (1544,10,510,'2026-03-18 17:35:19','2026-03-18 17:35:19'),
    (1545,10,535,'2026-03-18 17:42:18','2026-03-18 17:42:18'),
    (1546,10,575,'2026-03-18 17:46:09','2026-03-18 17:46:09'),
    (1547,10,590,'2026-03-18 17:53:34','2026-03-18 17:53:34'),
    (1548,10,640,'2026-03-18 18:01:11','2026-03-18 18:01:11'),
    (1549,10,685,'2026-03-18 18:07:47','2026-03-18 18:07:47'),
    (1550,10,730,'2026-03-18 18:09:54','2026-03-18 18:09:54'),
    (1551,10,745,'2026-03-18 18:11:08','2026-03-18 18:11:08'),
    (1552,10,775,'2026-03-18 18:14:56','2026-03-18 18:14:56'),
    (1553,10,810,'2026-03-18 18:19:23','2026-03-18 18:19:23'),
    (1554,10,845,'2026-03-18 18:23:41','2026-03-18 18:23:41'),
    (1555,10,900,'2026-03-18 18:34:08','2026-03-18 18:34:08'),
    (1556,10,965,'2026-03-18 18:37:49','2026-03-18 18:37:49'),
    (1557,10,1025,'2026-03-18 18:39:41','2026-03-18 18:39:41'),
    (1558,11,95,'2026-03-18 11:30:39','2026-03-18 11:30:39'),
    (1559,11,105,'2026-03-18 13:14:09','2026-03-18 13:14:09'),
    (1560,11,115,'2026-03-18 13:27:15','2026-03-18 13:27:15'),
    (1561,11,120,'2026-03-18 13:28:59','2026-03-18 13:28:59'),
    (1562,11,130,'2026-03-18 14:35:19','2026-03-18 14:35:19'),
    (1563,11,140,'2026-03-18 14:35:42','2026-03-18 14:35:42'),
    (1564,11,155,'2026-03-18 14:42:39','2026-03-18 14:42:39'),
    (1565,11,170,'2026-03-18 15:00:17','2026-03-18 15:00:17'),
    (1566,11,185,'2026-03-18 15:02:49','2026-03-18 15:02:49'),
    (1567,11,200,'2026-03-18 15:06:56','2026-03-18 15:06:56'),
    (1568,11,205,'2026-03-18 15:17:10','2026-03-18 15:17:10'),
    (1569,11,220,'2026-03-18 15:17:26','2026-03-18 15:17:26'),
    (1570,11,240,'2026-03-18 16:13:04','2026-03-18 16:13:04'),
    (1571,11,245,'2026-03-18 16:18:42','2026-03-18 16:18:42'),
    (1572,11,265,'2026-03-18 16:41:43','2026-03-18 16:41:43'),
    (1573,11,280,'2026-03-18 16:58:36','2026-03-18 16:58:36'),
    (1574,11,300,'2026-03-18 17:15:24','2026-03-18 17:15:24'),
    (1575,11,310,'2026-03-18 17:35:06','2026-03-18 17:35:06'),
    (1576,11,320,'2026-03-18 17:37:28','2026-03-18 17:37:28'),
    (1577,11,335,'2026-03-18 17:46:34','2026-03-18 17:46:34'),
    (1578,11,360,'2026-03-18 17:50:50','2026-03-18 17:50:50'),
    (1579,11,375,'2026-03-18 18:00:25','2026-03-18 18:00:25'),
    (1580,11,395,'2026-03-18 18:00:26','2026-03-18 18:00:26'),
    (1581,11,415,'2026-03-18 18:33:56','2026-03-18 18:33:56'),
    (1582,11,430,'2026-03-18 18:39:57','2026-03-18 18:39:57'),
    (1583,11,460,'2026-03-18 18:42:49','2026-03-18 18:42:49'),
    (1584,11,490,'2026-03-18 18:43:27','2026-03-18 18:43:27'),
    (1585,11,525,'2026-03-18 18:45:29','2026-03-18 18:45:29'),
    (1586,11,555,'2026-03-18 18:56:08','2026-03-18 18:56:08'),
    (1587,11,595,'2026-03-18 19:00:12','2026-03-18 19:00:12'),
    (1588,11,640,'2026-03-18 19:07:33','2026-03-18 19:07:33'),
    (1589,11,655,'2026-03-18 19:11:10','2026-03-18 19:11:10'),
    (1590,11,710,'2026-03-18 19:17:26','2026-03-18 19:17:26'),
    (1591,11,735,'2026-03-18 19:20:12','2026-03-18 19:20:12'),
    (1592,11,790,'2026-03-18 19:32:42','2026-03-18 19:32:42'),
    (1593,11,810,'2026-03-18 19:42:52','2026-03-18 19:42:52'),
    (1594,11,845,'2026-03-18 19:48:24','2026-03-18 19:48:24'),
    (1595,11,900,'2026-03-18 19:56:17','2026-03-18 19:56:17'),
    (1596,11,940,'2026-03-18 20:01:34','2026-03-18 20:01:34'),
    (1597,11,1020,'2026-03-18 20:07:58','2026-03-18 20:07:58'),
    (1598,11,1085,'2026-03-18 20:09:34','2026-03-18 20:09:34'),
    (1599,11,1165,'2026-03-18 20:19:09','2026-03-18 20:19:09'),
    (1600,11,1250,'2026-03-18 20:19:10','2026-03-18 20:19:10'),
    (1601,11,1290,'2026-03-18 20:24:35','2026-03-18 20:24:35'),
    (1602,11,1355,'2026-03-18 20:26:44','2026-03-18 20:26:44'),
    (1603,11,1465,'2026-03-18 20:26:56','2026-03-18 20:26:56'),
    (1604,12,120,'2026-03-18 10:23:56','2026-03-18 10:23:56'),
    (1605,12,130,'2026-03-18 11:44:01','2026-03-18 11:44:01'),
    (1606,12,135,'2026-03-18 11:49:31','2026-03-18 11:49:31'),
    (1607,12,140,'2026-03-18 12:19:55','2026-03-18 12:19:55'),
    (1608,12,150,'2026-03-18 13:09:03','2026-03-18 13:09:03'),
    (1609,12,155,'2026-03-18 13:18:23','2026-03-18 13:18:23'),
    (1610,12,160,'2026-03-18 13:46:46','2026-03-18 13:46:46'),
    (1611,12,175,'2026-03-18 14:02:52','2026-03-18 14:02:52'),
    (1612,12,190,'2026-03-18 14:05:23','2026-03-18 14:05:23'),
    (1613,12,200,'2026-03-18 14:46:11','2026-03-18 14:46:11'),
    (1614,12,215,'2026-03-18 15:39:41','2026-03-18 15:39:41'),
    (1615,12,235,'2026-03-18 15:42:40','2026-03-18 15:42:40'),
    (1616,12,245,'2026-03-18 15:43:49','2026-03-18 15:43:49'),
    (1617,12,260,'2026-03-18 15:51:15','2026-03-18 15:51:15'),
    (1618,12,270,'2026-03-18 16:12:46','2026-03-18 16:12:46'),
    (1619,12,295,'2026-03-18 16:12:51','2026-03-18 16:12:51'),
    (1620,12,310,'2026-03-18 16:14:36','2026-03-18 16:14:36'),
    (1621,12,325,'2026-03-18 16:20:50','2026-03-18 16:20:50'),
    (1622,12,350,'2026-03-18 16:23:00','2026-03-18 16:23:00'),
    (1623,12,375,'2026-03-18 16:24:19','2026-03-18 16:24:19'),
    (1624,12,405,'2026-03-18 16:37:37','2026-03-18 16:37:37'),
    (1625,12,430,'2026-03-18 17:00:27','2026-03-18 17:00:27'),
    (1626,12,465,'2026-03-18 17:00:35','2026-03-18 17:00:35'),
    (1627,12,480,'2026-03-18 17:10:59','2026-03-18 17:10:59'),
    (1628,12,495,'2026-03-18 17:12:26','2026-03-18 17:12:26'),
    (1629,12,525,'2026-03-18 17:22:47','2026-03-18 17:22:47'),
    (1630,12,565,'2026-03-18 17:33:54','2026-03-18 17:33:54'),
    (1631,12,580,'2026-03-18 17:43:36','2026-03-18 17:43:36'),
    (1632,12,600,'2026-03-18 17:46:16','2026-03-18 17:46:16'),
    (1633,12,615,'2026-03-18 17:48:45','2026-03-18 17:48:45'),
    (1634,12,655,'2026-03-18 17:50:32','2026-03-18 17:50:32'),
    (1635,12,685,'2026-03-18 18:13:56','2026-03-18 18:13:56'),
    (1636,12,740,'2026-03-18 18:18:37','2026-03-18 18:18:37'),
    (1637,12,785,'2026-03-18 18:25:23','2026-03-18 18:25:23'),
    (1638,12,810,'2026-03-18 18:33:23','2026-03-18 18:33:23'),
    (1639,12,860,'2026-03-18 18:34:33','2026-03-18 18:34:33'),
    (1640,12,880,'2026-03-18 18:45:33','2026-03-18 18:45:33'),
    (1641,13,155,'2026-03-18 13:11:49','2026-03-18 13:11:49'),
    (1642,13,160,'2026-03-18 14:32:30','2026-03-18 14:32:30'),
    (1643,13,170,'2026-03-18 14:41:53','2026-03-18 14:41:53'),
    (1644,13,180,'2026-03-18 14:42:04','2026-03-18 14:42:04'),
    (1645,13,195,'2026-03-18 15:03:37','2026-03-18 15:03:37'),
    (1646,13,205,'2026-03-18 15:10:45','2026-03-18 15:10:45'),
    (1647,13,220,'2026-03-18 15:16:46','2026-03-18 15:16:46'),
    (1648,13,240,'2026-03-18 15:22:48','2026-03-18 15:22:48'),
    (1649,13,255,'2026-03-18 15:36:54','2026-03-18 15:36:54'),
    (1650,13,270,'2026-03-18 16:00:46','2026-03-18 16:00:46'),
    (1651,13,280,'2026-03-18 16:02:03','2026-03-18 16:02:03'),
    (1652,13,300,'2026-03-18 16:30:16','2026-03-18 16:30:16'),
    (1653,13,315,'2026-03-18 16:35:05','2026-03-18 16:35:05'),
    (1654,13,330,'2026-03-18 17:16:53','2026-03-18 17:16:53'),
    (1655,13,340,'2026-03-18 17:23:45','2026-03-18 17:23:45'),
    (1656,13,350,'2026-03-18 18:31:20','2026-03-18 18:31:20'),
    (1657,13,370,'2026-03-18 18:42:34','2026-03-18 18:42:34'),
    (1658,13,400,'2026-03-18 18:59:29','2026-03-18 18:59:29'),
    (1659,13,435,'2026-03-18 19:27:01','2026-03-18 19:27:01'),
    (1660,13,450,'2026-03-18 19:27:53','2026-03-18 19:27:53'),
    (1661,13,480,'2026-03-18 19:30:37','2026-03-18 19:30:37'),
    (1662,13,505,'2026-03-18 19:35:14','2026-03-18 19:35:14'),
    (1663,13,520,'2026-03-18 19:46:06','2026-03-18 19:46:06'),
    (1664,13,555,'2026-03-18 19:46:49','2026-03-18 19:46:49'),
    (1665,13,575,'2026-03-18 19:57:17','2026-03-18 19:57:17'),
    (1666,13,605,'2026-03-18 20:02:11','2026-03-18 20:02:11'),
    (1667,13,620,'2026-03-18 20:03:41','2026-03-18 20:03:41'),
    (1668,13,665,'2026-03-18 20:26:57','2026-03-18 20:26:57'),
    (1669,13,700,'2026-03-18 20:32:24','2026-03-18 20:32:24'),
    (1670,14,45,'2026-03-18 10:48:51','2026-03-18 10:48:51'),
    (1671,14,50,'2026-03-18 11:14:02','2026-03-18 11:14:02'),
    (1672,14,55,'2026-03-18 11:14:43','2026-03-18 11:14:43'),
    (1673,14,60,'2026-03-18 11:23:35','2026-03-18 11:23:35'),
    (1674,14,65,'2026-03-18 11:34:32','2026-03-18 11:34:32'),
    (1675,14,70,'2026-03-18 11:52:37','2026-03-18 11:52:37'),
    (1676,14,75,'2026-03-18 12:07:05','2026-03-18 12:07:05'),
    (1677,14,80,'2026-03-18 12:12:08','2026-03-18 12:12:08'),
    (1678,14,90,'2026-03-18 12:16:55','2026-03-18 12:16:55'),
    (1679,14,100,'2026-03-18 12:27:22','2026-03-18 12:27:22'),
    (1680,14,105,'2026-03-18 12:27:52','2026-03-18 12:27:52'),
    (1681,14,110,'2026-03-18 12:37:58','2026-03-18 12:37:58'),
    (1682,14,115,'2026-03-18 12:52:20','2026-03-18 12:52:20'),
    (1683,14,125,'2026-03-18 13:02:03','2026-03-18 13:02:03'),
    (1684,14,135,'2026-03-18 13:16:30','2026-03-18 13:16:30'),
    (1685,14,150,'2026-03-18 13:16:46','2026-03-18 13:16:46'),
    (1686,14,155,'2026-03-18 13:22:42','2026-03-18 13:22:42'),
    (1687,14,165,'2026-03-18 13:25:49','2026-03-18 13:25:49'),
    (1688,14,170,'2026-03-18 13:27:28','2026-03-18 13:27:28'),
    (1689,14,185,'2026-03-18 13:41:55','2026-03-18 13:41:55'),
    (1690,14,200,'2026-03-18 13:49:53','2026-03-18 13:49:53'),
    (1691,14,205,'2026-03-18 13:56:04','2026-03-18 13:56:04'),
    (1692,15,25,'2026-03-18 11:28:21','2026-03-18 11:28:21'),
    (1693,15,30,'2026-03-18 12:05:45','2026-03-18 12:05:45'),
    (1694,15,35,'2026-03-18 12:23:22','2026-03-18 12:23:22'),
    (1695,15,40,'2026-03-18 12:44:58','2026-03-18 12:44:58'),
    (1696,15,45,'2026-03-18 12:48:04','2026-03-18 12:48:04'),
    (1697,15,50,'2026-03-18 12:48:24','2026-03-18 12:48:24'),
    (1698,15,55,'2026-03-18 13:07:51','2026-03-18 13:07:51'),
    (1699,15,60,'2026-03-18 13:13:56','2026-03-18 13:13:56'),
    (1700,15,65,'2026-03-18 13:20:39','2026-03-18 13:20:39'),
    (1701,15,70,'2026-03-18 13:35:46','2026-03-18 13:35:46'),
    (1702,15,75,'2026-03-18 13:43:32','2026-03-18 13:43:32'),
    (1703,15,80,'2026-03-18 13:45:20','2026-03-18 13:45:20'),
    (1704,15,85,'2026-03-18 14:04:37','2026-03-18 14:04:37'),
    (1705,15,90,'2026-03-18 14:08:17','2026-03-18 14:08:17'),
    (1706,16,85,'2026-03-18 16:16:43','2026-03-18 16:16:43'),
    (1707,16,95,'2026-03-18 17:17:51','2026-03-18 17:17:51'),
    (1708,16,105,'2026-03-18 17:25:20','2026-03-18 17:25:20'),
    (1709,16,115,'2026-03-18 18:32:16','2026-03-18 18:32:16'),
    (1710,16,125,'2026-03-18 18:57:07','2026-03-18 18:57:07'),
    (1711,16,130,'2026-03-18 20:10:22','2026-03-18 20:10:22'),
    (1712,16,140,'2026-03-18 20:19:52','2026-03-18 20:19:52'),
    (1713,16,150,'2026-03-18 20:27:31','2026-03-18 20:27:31'),
    (1714,16,155,'2026-03-18 20:40:47','2026-03-18 20:40:47'),
    (1715,17,75,'2026-03-18 10:30:12','2026-03-18 10:30:12'),
    (1716,17,85,'2026-03-18 10:57:46','2026-03-18 10:57:46'),
    (1717,17,95,'2026-03-18 11:49:24','2026-03-18 11:49:24'),
    (1718,17,100,'2026-03-18 12:19:14','2026-03-18 12:19:14'),
    (1719,17,110,'2026-03-18 12:39:48','2026-03-18 12:39:48'),
    (1720,17,120,'2026-03-18 13:08:54','2026-03-18 13:08:54'),
    (1721,17,130,'2026-03-18 13:24:58','2026-03-18 13:24:58'),
    (1722,17,140,'2026-03-18 13:26:59','2026-03-18 13:26:59'),
    (1723,17,150,'2026-03-18 13:27:19','2026-03-18 13:27:19'),
    (1724,17,160,'2026-03-18 13:32:32','2026-03-18 13:32:32'),
    (1725,17,175,'2026-03-18 14:21:54','2026-03-18 14:21:54'),
    (1726,17,185,'2026-03-18 15:04:59','2026-03-18 15:04:59'),
    (1727,17,195,'2026-03-18 15:36:12','2026-03-18 15:36:12'),
    (1728,17,215,'2026-03-18 15:43:26','2026-03-18 15:43:26'),
    (1729,17,230,'2026-03-18 15:43:48','2026-03-18 15:43:48'),
    (1730,17,235,'2026-03-18 15:48:04','2026-03-18 15:48:04'),
    (1731,17,240,'2026-03-18 15:48:26','2026-03-18 15:48:26'),
    (1732,17,245,'2026-03-18 15:50:11','2026-03-18 15:50:11'),
    (1733,17,255,'2026-03-18 15:54:26','2026-03-18 15:54:26'),
    (1734,17,270,'2026-03-18 16:12:23','2026-03-18 16:12:23'),
    (1735,17,290,'2026-03-18 16:14:35','2026-03-18 16:14:35'),
    (1736,17,310,'2026-03-18 16:28:26','2026-03-18 16:28:26'),
    (1737,17,335,'2026-03-18 16:30:00','2026-03-18 16:30:00'),
    (1738,17,355,'2026-03-18 16:30:51','2026-03-18 16:30:51'),
    (1739,17,365,'2026-03-18 16:51:29','2026-03-18 16:51:29'),
    (1740,17,395,'2026-03-18 16:54:55','2026-03-18 16:54:55'),
    (1741,17,425,'2026-03-18 17:00:53','2026-03-18 17:00:53'),
    (1742,17,435,'2026-03-18 17:04:14','2026-03-18 17:04:14'),
    (1743,17,455,'2026-03-18 17:04:32','2026-03-18 17:04:32'),
    (1744,17,495,'2026-03-18 17:09:00','2026-03-18 17:09:00'),
    (1745,17,515,'2026-03-18 17:09:22','2026-03-18 17:09:22'),
    (1746,17,555,'2026-03-18 17:09:40','2026-03-18 17:09:40'),
    (1747,17,570,'2026-03-18 17:10:58','2026-03-18 17:10:58'),
    (1748,17,605,'2026-03-18 17:13:03','2026-03-18 17:13:03'),
    (1749,17,655,'2026-03-18 17:23:30','2026-03-18 17:23:30'),
    (1750,17,705,'2026-03-18 17:25:41','2026-03-18 17:25:41'),
    (1751,17,735,'2026-03-18 17:26:57','2026-03-18 17:26:57'),
    (1752,17,750,'2026-03-18 17:27:00','2026-03-18 17:27:00'),
    (1753,17,795,'2026-03-18 17:29:45','2026-03-18 17:29:45'),
    (1754,17,845,'2026-03-18 17:29:59','2026-03-18 17:29:59'),
    (1755,17,880,'2026-03-18 17:30:17','2026-03-18 17:30:17'),
    (1756,17,935,'2026-03-18 17:31:23','2026-03-18 17:31:23'),
    (1757,17,995,'2026-03-18 17:32:36','2026-03-18 17:32:36'),
    (1758,17,1025,'2026-03-18 17:37:40','2026-03-18 17:37:40'),
    (1759,17,1110,'2026-03-18 17:40:05','2026-03-18 17:40:05'),
    (1760,17,1180,'2026-03-18 17:45:06','2026-03-18 17:45:06'),
    (1761,17,1240,'2026-03-18 17:46:06','2026-03-18 17:46:06'),
    (1762,17,1290,'2026-03-18 17:51:16','2026-03-18 17:51:16'),
    (1763,17,1385,'2026-03-18 18:02:51','2026-03-18 18:02:51'),
    (1764,18,310,'2026-03-18 09:48:28','2026-03-18 09:48:28'),
    (1765,18,330,'2026-03-18 11:35:17','2026-03-18 11:35:17'),
    (1766,18,345,'2026-03-18 11:40:02','2026-03-18 11:40:02'),
    (1767,18,355,'2026-03-18 11:41:34','2026-03-18 11:41:34'),
    (1768,18,380,'2026-03-18 11:54:38','2026-03-18 11:54:38'),
    (1769,18,395,'2026-03-18 12:36:27','2026-03-18 12:36:27'),
    (1770,18,410,'2026-03-18 13:12:56','2026-03-18 13:12:56'),
    (1771,18,420,'2026-03-18 13:14:49','2026-03-18 13:14:49'),
    (1772,18,430,'2026-03-18 13:17:58','2026-03-18 13:17:58'),
    (1773,18,445,'2026-03-18 13:20:11','2026-03-18 13:20:11'),
    (1774,18,485,'2026-03-18 13:25:59','2026-03-18 13:25:59'),
    (1775,18,495,'2026-03-18 13:31:46','2026-03-18 13:31:46'),
    (1776,18,530,'2026-03-18 13:32:32','2026-03-18 13:32:32'),
    (1777,18,550,'2026-03-18 14:05:14','2026-03-18 14:05:14'),
    (1778,18,590,'2026-03-18 14:07:10','2026-03-18 14:07:10'),
    (1779,18,615,'2026-03-18 14:07:55','2026-03-18 14:07:55'),
    (1780,18,655,'2026-03-18 14:15:33','2026-03-18 14:15:33'),
    (1781,18,685,'2026-03-18 14:17:46','2026-03-18 14:17:46'),
    (1782,18,730,'2026-03-18 14:30:10','2026-03-18 14:30:10'),
    (1783,18,745,'2026-03-18 14:38:11','2026-03-18 14:38:11'),
    (1784,18,785,'2026-03-18 14:38:38','2026-03-18 14:38:38'),
    (1785,18,850,'2026-03-18 14:43:40','2026-03-18 14:43:40'),
    (1786,18,895,'2026-03-18 14:47:47','2026-03-18 14:47:47'),
    (1787,18,940,'2026-03-18 14:54:28','2026-03-18 14:54:28'),
    (1788,18,1020,'2026-03-18 14:55:30','2026-03-18 14:55:30'),
    (1789,18,1055,'2026-03-18 15:06:23','2026-03-18 15:06:23'),
    (1790,18,1140,'2026-03-18 15:08:57','2026-03-18 15:08:57'),
    (1791,18,1190,'2026-03-18 15:12:54','2026-03-18 15:12:54'),
    (1792,18,1265,'2026-03-18 15:16:53','2026-03-18 15:16:53'),
    (1793,18,1295,'2026-03-18 15:16:55','2026-03-18 15:16:55'),
    (1794,18,1375,'2026-03-18 15:17:50','2026-03-18 15:17:50'),
    (1795,18,1420,'2026-03-18 15:29:28','2026-03-18 15:29:28'),
    (1796,18,1465,'2026-03-18 15:31:23','2026-03-18 15:31:23'),
    (1797,18,1510,'2026-03-18 15:33:58','2026-03-18 15:33:58'),
    (1798,18,1575,'2026-03-18 15:42:18','2026-03-18 15:42:18'),
    (1799,18,1625,'2026-03-18 15:45:44','2026-03-18 15:45:44'),
    (1800,18,1660,'2026-03-18 15:47:07','2026-03-18 15:47:07'),
    (1801,18,1745,'2026-03-18 15:48:40','2026-03-18 15:48:40'),
    (1802,18,1885,'2026-03-18 15:52:40','2026-03-18 15:52:40'),
    (1803,18,1925,'2026-03-18 15:53:23','2026-03-18 15:53:23'),
    (1804,18,2060,'2026-03-18 15:53:31','2026-03-18 15:53:31'),
    (1805,18,2125,'2026-03-18 16:11:06','2026-03-18 16:11:06'),
    (1806,18,2170,'2026-03-18 16:13:07','2026-03-18 16:13:07'),
    (1807,18,2240,'2026-03-18 16:13:36','2026-03-18 16:13:36'),
    (1808,19,65,'2026-03-18 10:14:46','2026-03-18 10:14:46'),
    (1809,19,70,'2026-03-18 11:53:58','2026-03-18 11:53:58'),
    (1810,19,75,'2026-03-18 13:14:12','2026-03-18 13:14:12'),
    (1811,19,80,'2026-03-18 13:15:31','2026-03-18 13:15:31'),
    (1812,19,85,'2026-03-18 13:44:47','2026-03-18 13:44:47'),
    (1813,19,90,'2026-03-18 13:45:28','2026-03-18 13:45:28'),
    (1814,19,95,'2026-03-18 14:13:23','2026-03-18 14:13:23'),
    (1815,19,105,'2026-03-18 14:21:14','2026-03-18 14:21:14'),
    (1816,19,115,'2026-03-18 14:30:57','2026-03-18 14:30:57'),
    (1817,19,125,'2026-03-18 14:34:54','2026-03-18 14:34:54'),
    (1818,19,130,'2026-03-18 14:40:24','2026-03-18 14:40:24'),
    (1819,19,140,'2026-03-18 14:52:35','2026-03-18 14:52:35'),
    (1820,19,150,'2026-03-18 15:09:08','2026-03-18 15:09:08'),
    (1821,19,160,'2026-03-18 15:13:50','2026-03-18 15:13:50'),
    (1822,19,170,'2026-03-18 15:36:46','2026-03-18 15:36:46'),
    (1823,19,175,'2026-03-18 15:49:48','2026-03-18 15:49:48'),
    (1824,19,185,'2026-03-18 15:52:08','2026-03-18 15:52:08'),
    (1825,19,195,'2026-03-18 15:54:57','2026-03-18 15:54:57'),
    (1826,19,200,'2026-03-18 16:03:53','2026-03-18 16:03:53'),
    (1827,19,210,'2026-03-18 16:05:42','2026-03-18 16:05:42'),
    (1828,19,215,'2026-03-18 16:16:24','2026-03-18 16:16:24'),
    (1829,19,235,'2026-03-18 16:18:04','2026-03-18 16:18:04'),
    (1830,19,245,'2026-03-18 16:21:06','2026-03-18 16:21:06'),
    (1831,19,265,'2026-03-18 16:27:47','2026-03-18 16:27:47'),
    (1832,19,290,'2026-03-18 16:27:55','2026-03-18 16:27:55'),
    (1833,19,300,'2026-03-18 16:30:58','2026-03-18 16:30:58'),
    (1834,19,310,'2026-03-18 16:32:23','2026-03-18 16:32:23'),
    (1835,19,330,'2026-03-18 16:43:42','2026-03-18 16:43:42'),
    (1836,19,355,'2026-03-18 16:45:47','2026-03-18 16:45:47'),
    (1837,19,380,'2026-03-18 16:50:30','2026-03-18 16:50:30'),
    (1838,19,400,'2026-03-18 16:57:21','2026-03-18 16:57:21'),
    (1839,19,410,'2026-03-18 16:58:48','2026-03-18 16:58:48'),
    (1840,19,420,'2026-03-18 17:05:35','2026-03-18 17:05:35'),
    (1841,19,435,'2026-03-18 17:09:16','2026-03-18 17:09:16'),
    (1842,19,445,'2026-03-18 17:09:21','2026-03-18 17:09:21'),
    (1843,19,465,'2026-03-18 17:14:17','2026-03-18 17:14:17'),
    (1844,19,490,'2026-03-18 17:14:26','2026-03-18 17:14:26'),
    (1845,19,520,'2026-03-18 17:18:04','2026-03-18 17:18:04'),
    (1846,19,565,'2026-03-18 17:22:47','2026-03-18 17:22:47'),
    (1847,19,595,'2026-03-18 17:24:52','2026-03-18 17:24:52'),
    (1848,19,645,'2026-03-18 17:34:21','2026-03-18 17:34:21'),
    (1849,21,160,'2026-03-18 11:21:47','2026-03-18 11:21:47'),
    (1850,21,165,'2026-03-18 11:54:29','2026-03-18 11:54:29'),
    (1851,21,175,'2026-03-18 12:00:27','2026-03-18 12:00:27'),
    (1852,21,185,'2026-03-18 12:05:17','2026-03-18 12:05:17'),
    (1853,21,190,'2026-03-18 13:05:37','2026-03-18 13:05:37'),
    (1854,21,200,'2026-03-18 13:07:25','2026-03-18 13:07:25'),
    (1855,21,220,'2026-03-18 13:07:59','2026-03-18 13:07:59'),
    (1856,21,240,'2026-03-18 13:32:31','2026-03-18 13:32:31'),
    (1857,21,245,'2026-03-18 13:33:05','2026-03-18 13:33:05'),
    (1858,21,260,'2026-03-18 13:36:57','2026-03-18 13:36:57'),
    (1859,21,280,'2026-03-18 13:45:47','2026-03-18 13:45:47'),
    (1860,21,300,'2026-03-18 13:49:27','2026-03-18 13:49:27'),
    (1861,21,310,'2026-03-18 14:12:05','2026-03-18 14:12:05'),
    (1862,21,320,'2026-03-18 14:23:47','2026-03-18 14:23:47'),
    (1863,21,340,'2026-03-18 14:43:09','2026-03-18 14:43:09'),
    (1864,21,360,'2026-03-18 14:43:11','2026-03-18 14:43:11'),
    (1865,21,375,'2026-03-18 14:56:09','2026-03-18 14:56:09'),
    (1866,21,405,'2026-03-18 15:00:58','2026-03-18 15:00:58'),
    (1867,21,415,'2026-03-18 15:14:15','2026-03-18 15:14:15'),
    (1868,21,440,'2026-03-18 15:18:08','2026-03-18 15:18:08'),
    (1869,21,465,'2026-03-18 15:19:17','2026-03-18 15:19:17'),
    (1870,21,485,'2026-03-18 15:25:41','2026-03-18 15:25:41'),
    (1871,21,520,'2026-03-18 15:26:46','2026-03-18 15:26:46'),
    (1872,21,550,'2026-03-18 15:38:25','2026-03-18 15:38:25'),
    (1873,21,575,'2026-03-18 15:38:37','2026-03-18 15:38:37'),
    (1874,21,620,'2026-03-18 15:45:51','2026-03-18 15:45:51'),
    (1875,21,640,'2026-03-18 15:50:01','2026-03-18 15:50:01'),
    (1876,21,675,'2026-03-18 16:03:33','2026-03-18 16:03:33'),
    (1877,21,730,'2026-03-18 16:06:45','2026-03-18 16:06:45'),
    (1878,21,790,'2026-03-18 16:19:22','2026-03-18 16:19:22'),
    (1879,21,810,'2026-03-18 16:21:15','2026-03-18 16:21:15'),
    (1880,21,855,'2026-03-18 16:24:15','2026-03-18 16:24:15'),
    (1881,21,915,'2026-03-18 16:28:34','2026-03-18 16:28:34'),
    (1882,21,990,'2026-03-18 16:35:24','2026-03-18 16:35:24'),
    (1883,21,1060,'2026-03-18 16:41:06','2026-03-18 16:41:06'),
    (1884,21,1135,'2026-03-18 16:44:14','2026-03-18 16:44:14'),
    (1885,21,1185,'2026-03-18 16:45:12','2026-03-18 16:45:12'),
    (1886,21,1245,'2026-03-18 16:47:04','2026-03-18 16:47:04'),
    (1887,21,1335,'2026-03-18 16:48:51','2026-03-18 16:48:51'),
    (1888,21,1390,'2026-03-18 16:50:19','2026-03-18 16:50:19'),
    (1889,22,140,'2026-03-18 10:44:40','2026-03-18 10:44:40'),
    (1890,22,150,'2026-03-18 11:31:56','2026-03-18 11:31:56'),
    (1891,22,165,'2026-03-18 11:45:52','2026-03-18 11:45:52'),
    (1892,22,180,'2026-03-18 12:47:57','2026-03-18 12:47:57'),
    (1893,22,190,'2026-03-18 12:48:36','2026-03-18 12:48:36'),
    (1894,22,210,'2026-03-18 12:49:39','2026-03-18 12:49:39'),
    (1895,22,225,'2026-03-18 13:12:20','2026-03-18 13:12:20'),
    (1896,22,240,'2026-03-18 13:27:56','2026-03-18 13:27:56'),
    (1897,22,255,'2026-03-18 13:43:17','2026-03-18 13:43:17'),
    (1898,22,280,'2026-03-18 13:48:15','2026-03-18 13:48:15'),
    (1899,22,305,'2026-03-18 14:25:32','2026-03-18 14:25:32'),
    (1900,22,325,'2026-03-18 14:27:50','2026-03-18 14:27:50'),
    (1901,22,335,'2026-03-18 14:42:02','2026-03-18 14:42:02'),
    (1902,22,350,'2026-03-18 14:44:05','2026-03-18 14:44:05'),
    (1903,22,365,'2026-03-18 14:50:12','2026-03-18 14:50:12'),
    (1904,22,380,'2026-03-18 14:53:21','2026-03-18 14:53:21'),
    (1905,22,395,'2026-03-18 14:56:08','2026-03-18 14:56:08'),
    (1906,22,415,'2026-03-18 15:00:53','2026-03-18 15:00:53'),
    (1907,22,440,'2026-03-18 15:08:24','2026-03-18 15:08:24'),
    (1908,22,465,'2026-03-18 15:55:24','2026-03-18 15:55:24'),
    (1909,22,495,'2026-03-18 16:12:57','2026-03-18 16:12:57'),
    (1910,22,530,'2026-03-18 16:29:27','2026-03-18 16:29:27'),
    (1911,22,560,'2026-03-18 16:29:42','2026-03-18 16:29:42'),
    (1912,22,580,'2026-03-18 16:31:53','2026-03-18 16:31:53'),
    (1913,23,145,'2026-03-18 11:22:58','2026-03-18 11:22:58'),
    (1914,23,160,'2026-03-18 12:09:55','2026-03-18 12:09:55'),
    (1915,23,170,'2026-03-18 12:22:05','2026-03-18 12:22:05'),
    (1916,23,180,'2026-03-18 12:40:37','2026-03-18 12:40:37'),
    (1917,23,195,'2026-03-18 13:51:44','2026-03-18 13:51:44'),
    (1918,23,205,'2026-03-18 14:17:36','2026-03-18 14:17:36'),
    (1919,23,225,'2026-03-18 14:39:52','2026-03-18 14:39:52'),
    (1920,23,245,'2026-03-18 15:32:55','2026-03-18 15:32:55'),
    (1921,23,265,'2026-03-18 15:38:23','2026-03-18 15:38:23'),
    (1922,23,275,'2026-03-18 16:26:42','2026-03-18 16:26:42'),
    (1923,23,300,'2026-03-18 16:34:44','2026-03-18 16:34:44'),
    (1924,23,320,'2026-03-18 17:20:07','2026-03-18 17:20:07'),
    (1925,23,345,'2026-03-18 17:41:43','2026-03-18 17:41:43'),
    (1926,23,360,'2026-03-18 17:42:02','2026-03-18 17:42:02'),
    (1927,23,370,'2026-03-18 17:58:39','2026-03-18 17:58:39'),
    (1928,23,390,'2026-03-18 18:15:15','2026-03-18 18:15:15'),
    (1929,23,420,'2026-03-18 18:29:13','2026-03-18 18:29:13'),
    (1930,23,455,'2026-03-18 18:34:42','2026-03-18 18:34:42'),
    (1931,23,475,'2026-03-18 18:37:57','2026-03-18 18:37:57'),
    (1932,23,505,'2026-03-18 18:40:29','2026-03-18 18:40:29'),
    (1933,23,530,'2026-03-18 18:47:39','2026-03-18 18:47:39'),
    (1934,24,40,'2026-03-18 11:18:28','2026-03-18 11:18:28'),
    (1935,24,45,'2026-03-18 12:06:02','2026-03-18 12:06:02'),
    (1936,24,50,'2026-03-18 12:36:53','2026-03-18 12:36:53'),
    (1937,24,55,'2026-03-18 12:52:27','2026-03-18 12:52:27'),
    (1938,24,60,'2026-03-18 14:22:23','2026-03-18 14:22:23'),
    (1939,24,65,'2026-03-18 14:31:31','2026-03-18 14:31:31'),
    (1940,24,70,'2026-03-18 14:47:56','2026-03-18 14:47:56'),
    (1941,24,75,'2026-03-18 14:57:42','2026-03-18 14:57:42'),
    (1942,24,80,'2026-03-18 15:41:29','2026-03-18 15:41:29'),
    (1943,24,85,'2026-03-18 15:46:02','2026-03-18 15:46:02'),
    (1944,24,95,'2026-03-18 15:54:40','2026-03-18 15:54:40'),
    (1945,24,100,'2026-03-18 16:01:48','2026-03-18 16:01:48'),
    (1946,24,105,'2026-03-18 16:13:13','2026-03-18 16:13:13'),
    (1947,24,115,'2026-03-18 16:13:26','2026-03-18 16:13:26'),
    (1948,24,125,'2026-03-18 16:13:36','2026-03-18 16:13:36'),
    (1949,24,130,'2026-03-18 16:16:07','2026-03-18 16:16:07'),
    (1950,24,140,'2026-03-18 16:25:11','2026-03-18 16:25:11'),
    (1951,24,150,'2026-03-18 16:36:21','2026-03-18 16:36:21'),
    (1952,24,160,'2026-03-18 16:43:03','2026-03-18 16:43:03'),
    (1953,24,170,'2026-03-18 16:50:44','2026-03-18 16:50:44'),
    (1954,24,180,'2026-03-18 17:00:52','2026-03-18 17:00:52'),
    (1955,24,195,'2026-03-18 17:02:08','2026-03-18 17:02:08'),
    (1956,24,205,'2026-03-18 17:03:48','2026-03-18 17:03:48'),
    (1957,24,225,'2026-03-18 17:07:38','2026-03-18 17:07:38'),
    (1958,24,245,'2026-03-18 17:09:58','2026-03-18 17:09:58'),
    (1959,24,255,'2026-03-18 17:16:31','2026-03-18 17:16:31'),
    (1960,24,275,'2026-03-18 17:18:12','2026-03-18 17:18:12'),
    (1961,24,285,'2026-03-18 17:25:21','2026-03-18 17:25:21'),
    (1962,24,300,'2026-03-18 17:28:31','2026-03-18 17:28:31'),
    (1963,24,325,'2026-03-18 17:29:33','2026-03-18 17:29:33'),
    (1964,24,345,'2026-03-18 17:33:07','2026-03-18 17:33:07'),
    (1965,25,240,'2026-03-18 14:51:28','2026-03-18 14:51:28'),
    (1966,25,250,'2026-03-18 14:51:41','2026-03-18 14:51:41'),
    (1967,25,265,'2026-03-18 15:57:39','2026-03-18 15:57:39'),
    (1968,25,290,'2026-03-18 16:10:11','2026-03-18 16:10:11'),
    (1969,25,315,'2026-03-18 16:37:04','2026-03-18 16:37:04'),
    (1970,25,335,'2026-03-18 17:26:49','2026-03-18 17:26:49'),
    (1971,25,350,'2026-03-18 17:37:25','2026-03-18 17:37:25'),
    (1972,25,365,'2026-03-18 17:51:41','2026-03-18 17:51:41'),
    (1973,25,395,'2026-03-18 18:05:22','2026-03-18 18:05:22'),
    (1974,25,405,'2026-03-18 18:15:29','2026-03-18 18:15:29'),
    (1975,25,420,'2026-03-18 18:27:12','2026-03-18 18:27:12'),
    (1976,25,450,'2026-03-18 18:28:13','2026-03-18 18:28:13'),
    (1977,25,490,'2026-03-18 18:28:29','2026-03-18 18:28:29'),
    (1978,25,530,'2026-03-18 18:51:25','2026-03-18 18:51:25'),
    (1979,25,575,'2026-03-18 19:11:18','2026-03-18 19:11:18'),
    (1980,25,605,'2026-03-18 19:16:07','2026-03-18 19:16:07'),
    (1981,26,410,'2026-03-18 11:32:41','2026-03-18 11:32:41'),
    (1982,26,420,'2026-03-18 12:58:06','2026-03-18 12:58:06'),
    (1983,26,455,'2026-03-18 13:32:28','2026-03-18 13:32:28'),
    (1984,26,490,'2026-03-18 13:57:58','2026-03-18 13:57:58'),
    (1985,26,525,'2026-03-18 13:58:27','2026-03-18 13:58:27'),
    (1986,26,555,'2026-03-18 14:08:04','2026-03-18 14:08:04'),
    (1987,26,590,'2026-03-18 14:09:23','2026-03-18 14:09:23'),
    (1988,26,630,'2026-03-18 14:23:13','2026-03-18 14:23:13'),
    (1989,26,650,'2026-03-18 14:26:07','2026-03-18 14:26:07'),
    (1990,26,700,'2026-03-18 14:33:49','2026-03-18 14:33:49'),
    (1991,26,735,'2026-03-18 14:40:53','2026-03-18 14:40:53'),
    (1992,26,775,'2026-03-18 14:56:14','2026-03-18 14:56:14'),
    (1993,26,810,'2026-03-18 14:58:14','2026-03-18 14:58:14'),
    (1994,26,830,'2026-03-18 15:37:31','2026-03-18 15:37:31'),
    (1995,26,900,'2026-03-18 15:39:53','2026-03-18 15:39:53'),
    (1996,26,930,'2026-03-18 15:54:35','2026-03-18 15:54:35'),
    (1997,26,980,'2026-03-18 15:55:44','2026-03-18 15:55:44'),
    (1998,26,1040,'2026-03-18 16:04:05','2026-03-18 16:04:05'),
    (1999,26,1115,'2026-03-18 16:16:35','2026-03-18 16:16:35'),
    (2000,26,1185,'2026-03-18 16:16:39','2026-03-18 16:16:39'),
    (2001,26,1280,'2026-03-18 16:21:45','2026-03-18 16:21:45'),
    (2002,26,1345,'2026-03-18 16:25:39','2026-03-18 16:25:39'),
    (2003,26,1415,'2026-03-18 16:35:33','2026-03-18 16:35:33'),
    (2004,26,1460,'2026-03-18 16:36:14','2026-03-18 16:36:14'),
    (2005,26,1580,'2026-03-18 16:37:05','2026-03-18 16:37:05'),
    (2006,26,1695,'2026-03-18 16:38:02','2026-03-18 16:38:02'),
    (2007,26,1750,'2026-03-18 16:38:19','2026-03-18 16:38:19'),
    (2008,26,1895,'2026-03-18 16:46:54','2026-03-18 16:46:54'),
    (2009,26,2050,'2026-03-18 16:56:29','2026-03-18 16:56:29'),
    (2010,26,2155,'2026-03-18 17:12:41','2026-03-18 17:12:41'),
    (2011,26,2330,'2026-03-18 17:32:33','2026-03-18 17:32:33'),
    (2012,26,2520,'2026-03-18 17:37:13','2026-03-18 17:37:13'),
    (2013,26,2575,'2026-03-18 17:39:52','2026-03-18 17:39:52'),
    (2014,26,2785,'2026-03-18 17:41:59','2026-03-18 17:41:59'),
    (2015,26,2925,'2026-03-18 17:43:11','2026-03-18 17:43:11'),
    (2016,26,3045,'2026-03-18 17:44:05','2026-03-18 17:44:05'),
    (2049,28,60,'2026-03-18 11:01:01','2026-03-18 11:01:01'),
    (2050,28,65,'2026-03-18 11:09:32','2026-03-18 11:09:32'),
    (2051,28,75,'2026-03-18 11:29:17','2026-03-18 11:29:17'),
    (2052,28,80,'2026-03-18 11:49:42','2026-03-18 11:49:42'),
    (2053,28,85,'2026-03-18 13:33:27','2026-03-18 13:33:27'),
    (2054,28,95,'2026-03-18 13:37:14','2026-03-18 13:37:14'),
    (2055,28,105,'2026-03-18 13:44:07','2026-03-18 13:44:07'),
    (2056,28,115,'2026-03-18 14:08:07','2026-03-18 14:08:07'),
    (2057,28,125,'2026-03-18 14:24:29','2026-03-18 14:24:29'),
    (2058,28,130,'2026-03-18 14:52:17','2026-03-18 14:52:17'),
    (2059,28,140,'2026-03-18 14:56:08','2026-03-18 14:56:08'),
    (2060,28,145,'2026-03-18 15:18:50','2026-03-18 15:18:50'),
    (2061,28,160,'2026-03-18 15:21:00','2026-03-18 15:21:00'),
    (2062,28,170,'2026-03-18 15:24:10','2026-03-18 15:24:10'),
    (2063,28,180,'2026-03-18 15:26:40','2026-03-18 15:26:40'),
    (2064,28,195,'2026-03-18 15:32:46','2026-03-18 15:32:46'),
    (2065,28,215,'2026-03-18 15:32:59','2026-03-18 15:32:59'),
    (2066,28,220,'2026-03-18 15:41:58','2026-03-18 15:41:58'),
    (2067,28,240,'2026-03-18 15:44:44','2026-03-18 15:44:44'),
    (2068,28,260,'2026-03-18 15:44:53','2026-03-18 15:44:53'),
    (2069,28,275,'2026-03-18 15:45:14','2026-03-18 15:45:14'),
    (2070,28,295,'2026-03-18 15:50:53','2026-03-18 15:50:53'),
    (2071,28,310,'2026-03-18 15:51:25','2026-03-18 15:51:25'),
    (2072,28,320,'2026-03-18 15:59:30','2026-03-18 15:59:30'),
    (2073,28,330,'2026-03-18 16:16:15','2026-03-18 16:16:15'),
    (2074,28,355,'2026-03-18 16:17:39','2026-03-18 16:17:39'),
    (2075,28,380,'2026-03-18 16:20:09','2026-03-18 16:20:09'),
    (2076,28,390,'2026-03-18 16:21:10','2026-03-18 16:21:10'),
    (2077,28,400,'2026-03-18 16:27:49','2026-03-18 16:27:49'),
    (2078,28,435,'2026-03-18 16:32:22','2026-03-18 16:32:22'),
    (2079,28,445,'2026-03-18 16:48:08','2026-03-18 16:48:08'),
    (2080,28,460,'2026-03-18 16:50:02','2026-03-18 16:50:02'),
    (2081,28,470,'2026-03-18 16:57:33','2026-03-18 16:57:33'),
    (2082,28,500,'2026-03-18 16:59:03','2026-03-18 16:59:03'),
    (2083,28,540,'2026-03-18 17:03:17','2026-03-18 17:03:17'),
    (2084,29,105,'2026-03-18 13:18:07','2026-03-18 13:18:07'),
    (2085,29,115,'2026-03-18 14:07:37','2026-03-18 14:07:37'),
    (2086,29,125,'2026-03-18 14:49:19','2026-03-18 14:49:19'),
    (2087,29,135,'2026-03-18 15:26:06','2026-03-18 15:26:06'),
    (2088,29,145,'2026-03-18 15:28:49','2026-03-18 15:28:49'),
    (2089,29,160,'2026-03-18 15:42:45','2026-03-18 15:42:45'),
    (2090,29,165,'2026-03-18 15:47:00','2026-03-18 15:47:00'),
    (2091,29,175,'2026-03-18 16:31:48','2026-03-18 16:31:48'),
    (2092,29,190,'2026-03-18 16:37:18','2026-03-18 16:37:18'),
    (2093,29,200,'2026-03-18 16:43:31','2026-03-18 16:43:31'),
    (2094,29,210,'2026-03-18 17:14:32','2026-03-18 17:14:32'),
    (2095,29,220,'2026-03-18 17:37:34','2026-03-18 17:37:34'),
    (2096,29,225,'2026-03-18 18:01:59','2026-03-18 18:01:59'),
    (2097,29,230,'2026-03-18 18:08:43','2026-03-18 18:08:43'),
    (2098,29,240,'2026-03-18 18:11:33','2026-03-18 18:11:33'),
    (2099,29,250,'2026-03-18 18:39:12','2026-03-18 18:39:12'),
    (2100,29,270,'2026-03-18 18:40:32','2026-03-18 18:40:32'),
    (2101,29,285,'2026-03-18 18:40:32','2026-03-18 18:40:32'),
    (2102,29,305,'2026-03-18 18:47:20','2026-03-18 18:47:20'),
    (2103,29,325,'2026-03-18 18:57:00','2026-03-18 18:57:00'),
    (2104,29,340,'2026-03-18 18:59:27','2026-03-18 18:59:27'),
    (2105,30,285,'2026-03-18 12:29:19','2026-03-18 12:29:19'),
    (2106,30,310,'2026-03-18 12:33:54','2026-03-18 12:33:54'),
    (2107,30,320,'2026-03-18 13:27:02','2026-03-18 13:27:02'),
    (2108,30,330,'2026-03-18 13:28:31','2026-03-18 13:28:31'),
    (2109,30,360,'2026-03-18 13:39:16','2026-03-18 13:39:16'),
    (2110,30,390,'2026-03-18 14:25:09','2026-03-18 14:25:09'),
    (2111,30,425,'2026-03-18 14:35:35','2026-03-18 14:35:35'),
    (2112,30,440,'2026-03-18 15:27:34','2026-03-18 15:27:34'),
    (2113,30,475,'2026-03-18 15:27:41','2026-03-18 15:27:41'),
    (2114,30,490,'2026-03-18 15:48:53','2026-03-18 15:48:53'),
    (2115,30,530,'2026-03-18 16:21:36','2026-03-18 16:21:36'),
    (2116,30,550,'2026-03-18 16:21:51','2026-03-18 16:21:51'),
    (2117,30,570,'2026-03-18 16:29:16','2026-03-18 16:29:16'),
    (2118,30,600,'2026-03-18 16:31:16','2026-03-18 16:31:16'),
    (2119,30,615,'2026-03-18 16:39:47','2026-03-18 16:39:47'),
    (2120,30,665,'2026-03-18 16:46:32','2026-03-18 16:46:32'),
    (2121,30,700,'2026-03-18 17:09:57','2026-03-18 17:09:57'),
    (2122,30,725,'2026-03-18 17:12:09','2026-03-18 17:12:09'),
    (2123,30,780,'2026-03-18 17:12:45','2026-03-18 17:12:45'),
    (2124,30,805,'2026-03-18 17:15:21','2026-03-18 17:15:21'),
    (2125,30,870,'2026-03-18 17:20:19','2026-03-18 17:20:19'),
    (2126,30,890,'2026-03-18 17:42:28','2026-03-18 17:42:28'),
    (2127,30,910,'2026-03-18 17:47:57','2026-03-18 17:47:57');


CREATE TABLE `feedback` (
  `id` bigint unsigned NOT NULL AUTO_INCREMENT,
  `rating` int NOT NULL,
  `description` text,
  `created_at` timestamp NULL DEFAULT NULL,
  PRIMARY KEY (`id`)
) ENGINE=InnoDB;

INSERT INTO feedback (id, rating, description, created_at) VALUES
(1, 1, 'I couldn''t bid properly. It happened on a bicycle. Maybe the submit button was to small.', '2026-03-18 09:48:00'),
(2, 5, 'Bidding felt smooth and intuitive, and the confirmation was clear. I used Safari on MacBook after I scrolled to the photos and back. Bidding on a necklace felt straightforward.', '2026-03-18 09:56:29'),
(3, 4, 'The bid box was easy to find and the current highest bid was shown clearly. The confirmation message gave me confidence that my bid was registered. Switching between products was seamless and I never lost track of what I was bidding on. I used Edge on Android tablet.', '2026-03-18 10:01:15'),
(4, 2, 'The page jumped after typing my amount, which made bidding stressful. I was on Safari using Windows laptop right after I increased my bid by a small amount.', '2026-03-18 10:01:45'),
(5, 5, 'Everything responded quickly and I could place a bid without any confusion. I used Firefox on Android phone after I refreshed the product page. Great job overall.', '2026-03-18 10:02:09'),
(6, 5, 'I''ll use this site again.', '2026-03-18 10:09:10'),
(7, 2, 'On my phone the bid button was hard to tap and I misclicked a few times. I was on Firefox using iPhone SE. I ended up refreshing multiple times.', '2026-03-18 10:17:11'),
(8, 3, 'The flow is fine, but the success feedback could be more obvious. Tested in Firefox on MacBook when the page auto-updated the current price. This happened while bidding on a vintage camera. Hope this gets improved soon.', '2026-03-18 10:23:02'),
(9, 5, 'Bidding felt smooth and intuitive. I used Chrome on iPhone 12.', '2026-03-18 10:31:06'),
(10, 4, 'The interface was clean and the flow made sense from start to finish.', '2026-03-18 10:33:09'),
(11, 5, 'The layout on my phone was surprisingly good for an auction site.', '2026-03-18 10:35:53'),
(12, 2, 'I got an error message with no explanation, so I wasn''t sure what went wrong. I was on Safari using iPhone SE when I had multiple tabs open. I missed time because of this.', '2026-03-18 10:47:16'),
(13, 5, 'Fast and clear. I used Chrome on MacBook while the timer was under a minute.', '2026-03-18 10:51:13'),
(14, 1, 'The page jumped after typing my amount, which made bidding stressful. It happened on Safari on mobile.', '2026-03-18 10:56:22'),
(15, 5, 'The interface was clean and the flow made sense from start to finish. I''ll use this site again.', '2026-03-18 11:07:10'),
(16, 2, 'I couldn''t place a bid . I was on Safar using iPhone SE after I scrolled to the photos and back.', '2026-03-18 11:18:02'),
(17, 4, 'Everything responded quickly and I could place a bid without any confusion. I used Chrome on iPhone SE.', '2026-03-18 11:20:48'),
(18, 4, 'Smooth process.', '2026-03-18 11:28:57'),
(19, 4, 'Very intuitive. I used Chrome on iPhone 12. Bidding on a speaker set felt straightforward.', '2026-03-18 11:39:00'),
(20, 2, 'On my phone the bid button was hard to tap. It happened on a jacket.', '2026-03-18 11:47:37'),
(21, 3, 'Bidding worked, but sometimes I wasn''t sure if I needed to refresh to see my bid. Tested in Safari on iPad after I refreshed the product page. This should be tested more on Safari.', '2026-03-18 11:52:34'),
(22, 4, 'The bid box was easy to find and the current highest bid was shown clearly. I used Edge on Windows laptop after I refreshed the product page.', '2026-03-18 11:58:19'),
(23, 5, 'Bidding felt great, everything was clear. The layout on my phone was surprisingly good for an auction site. I used Chrome on Android phone as I tried to bid quickly before the deadline.', '2026-03-18 12:08:49'),
(24, 3, 'The flow is fine, but the success feedback could be more obvious. Tested in Firefox on Windows. Right after I increased my bid by a small amount. This happened while bidding on a chair.', '2026-03-18 12:11:04'),
(25, 4, 'Everything responded quickly and I could place a bid without any confusion. Bidding on a jacket felt straightforward.', '2026-03-18 12:21:16'),
(26, 3, 'Mostly fine. Something the page jumped and the amount increased. This happened while bidding on a chair.', '2026-03-18 12:30:05'),
(27, 3, 'Mostly okay, although the page felt a bit busy on a small screen. Tested in Safari on iPhone. I still managed, but it felt unnecessarily stressful.', '2026-03-18 12:35:15'),
(28, 2, 'The site felt slow when submitting my bid and I feared it didn''t go through. The page froze on a spinner and I had to reload to continue. I was on Edge using Windows laptop when I had multiple tabs open. It made me hesitate to bid again.', '2026-03-18 12:40:03'),
(29, 2, 'On my phone I couldn''t tap on the bid button. I was on Safari using iPhone. This should be tested more on Safari.', '2026-03-18 12:51:25'),
(30, 4, 'Okay overall. The idea is great, the execution needs polish.', '2026-03-18 12:55:22'),
(31, 5, 'The interface was clean and the flow made sense from start to finish. I''ll use this site again. (session 31-1)', '2026-03-18 12:56:44'),
(32, 4, 'Bidding was easy. I used Chrome on Android.', '2026-03-18 13:07:24'),
(33, 3, 'Mostly okay, although the page felt a bit busy on my phone. After switching to laptop it worked better.', '2026-03-18 13:15:46'),
(34, 3, 'The flow is fine, but the success feedback could be more obvious. Tested in Chrome on Android tablet as I tried to bid quickly before the deadline.', '2026-03-18 13:21:01'),
(35, 5, 'The bid box was easy to find and the current highest bid was shown clearly. I used Chrome on iPhone 13. Great job overall.', '2026-03-18 13:28:06'),
(36, 4, 'No issues at all. I used Safari on MacBook as I tried to bid quickly before the deadline.', '2026-03-18 13:37:05'),
(37, 3, 'Mostly okay, although the page was busy. Tested in Safari on iPhone.', '2026-03-18 13:48:29'),
(38, 1, 'The page jumped after typing my amount, which made bidding stressful. That would make the experience much better.', '2026-03-18 13:48:58'),
(39, 4, 'Everything responded quickly and I could place a bid without any confusion. Switching between products was seamless and I never lost track of what I was bidding on. I used Chrome on Android tablet.', '2026-03-18 13:51:53'),
(40, 5, 'Bidding felt great and intuitive, and the confirmation was clear. The confirmation message gave me confidence that my bid was registered. I used Firefox on Windows.', '2026-03-18 14:03:14'),
(41, 3, 'Acceptable experience.', '2026-03-18 14:05:32'),
(42, 5, 'Everything responded quickly and I could place a bid without any confusion. I used Chrome on Android phone while the timer was under a minute!', '2026-03-18 14:15:57'),
(43, 4, 'The bid box was easy to find and the current highest bid was shown clearly. I used Chrome on iPad.', '2026-03-18 14:22:31'),
(44, 5, 'Everything responded quickly and I could place a bid without any confusion.', '2026-03-18 14:26:12'),
(45, 3, 'The flow is fine, but the success feedback could be more obvious. Tested in Edge on Windows.', '2026-03-18 14:28:06'),
(46, 4, 'Bidding felt smooth and intuitive, and the confirmation was clear. I''ll use this site again.', '2026-03-18 14:36:18'),
(47, 5, 'The bid box was easy to find and the current highest bid was shown clearly.', '2026-03-18 14:46:00'),
(48, 3, 'Bidding worked, but sometimes I wasn''t sure if I needed to refresh to see my bid. The bid history could be easier to scan, especially on mobile. Tested in Safari on iPhone.', '2026-03-18 14:53:57'),
(49, 1, 'The site felt slow when submitting my bid and I feared it didn''t go through. In Safari the ''Place bid'' button did nothing, so I had to switch browsers. I missed time because of this.', '2026-03-18 15:04:46'),
(50, 3, 'Mostly okay, although the page felt a bit busy on a small screen. This happened while bidding on a ring. The rest of the site looked fine, but bidding needs attention.', '2026-03-18 15:07:15');
